pic,name,description,oddity,link,
,Cherry MX Alps Clear,MX Clear switches with an Alps Mount (likely not produced by Cherry).,alps stem mount,https://deskthority.net/wiki/Cherry_MX_Alps_Clear,
,Cherry MX Alps Click,MX Blue switches with an Alps Mount (likely not produced by Cherry).,alps stem mount,https://deskthority.net/wiki/Cherry_MX_Alps_Click,
,Outemu Blue Switch (ALPs Mount),Similar to the MX Alps Click but produced by Outemu.,alps stem mount,https://mechbox.co.uk/products/outemu-blue-switch-alps-mount?variant=13958577389610,
,ROLLER LINEAR SWITCHES (Ball Bearing Switches),Utilizes steel ball bearings for smooth travel (includes Wuque Studio Pearl and X-ray Roller).,ball bearings,https://kbdfans.com/products/roller-linear-switches,
,Cherry MX White / Click Grey,Clicky switches that were allegedly lubed to act as tactile switches.,click dampening,https://deskthority.net/wiki/Cherry_MX_White,
,Box Mute Jade,Silent clickbar switch design.,click dampening,https://www.theremingoat.com/blog/kailh-box-mute-jade-switch-review,
,TTC Brother v2,"Silent clicky switch with a click bar mechanism; uses stem dampening inserts to silence stem-on-housing impact.",click dampening,https://www.theremingoat.com/blog/ttc-brother-v2-switch-review,
,TTC Frozen Silent v2,Silent switch with updated v2 dampening mechanism and construction.,click dampening,https://www.theremingoat.com/blog/ttc-brother-v2-switch-review,
,TTC Bluish White v2,Silent tactile switch with updated v2 dampening mechanism and construction.,click dampening,https://www.theremingoat.com/blog/ttc-brother-v2-switch-review,
,Aristotle MX clone,"Clicky switches with ""fangs""; recently recreated in Outemu Phoenix and TKC Blackberry. Only MX switches with >4mm travel.",click fangs,https://deskthority.net/wiki/Aristotle_Cherry_MX_clone,
,Cherry MX Yellow,Linear switches where Aristotle stems were used in Cherry housings (often found in Chicony keyboards).,click fangs,https://deskthority.net/wiki/Aristotle_Yellow,
,CK x Haimu Clipper Sea Serpent,Clip-In switches that snap directly into the PCB.,clip-in pcb mount,https://cannonkeys.com/products/haimu-clipper-sea-serpent-linear-switch,
,Novelkeys Cream Arc,Features conical springs.,conical spring,https://www.theremingoat.com/blog/novelkeys-cream-arc-switch-review,
,MK Dose,Features two contact groups.,dual contact leaf,https://switchoddities.com/products/mk-dose,
,Taiwan Jet Axis/Pro World,Unique design featuring dual stem guides.,dual stem guides,https://deskthority.net/wiki/Taiwan_jet_axis,
,Libertouch,Membrane switch with a rubber dome designed for a mechanical-like feel.,hybrid membrane design,https://green-keys.info/en/no-way-its-now-hot-swappable-a-new-form-of-mechanical-membrane-keyboard-dreamed-up-with-revell-touch/,
,Cherry MX Lock,"Features a ""lock-in"" / toggle mechanism.",latching/toggle mechanism,https://mechbox.co.uk/products/cherry-mx-lock-switch,
,Kailh MIX-7,Toggleable clicky/linear modes via a physical switch on the housing; Kailh has since discontinued this line.,latching/toggle mechanism,https://www.theremingoat.com/shorts/odd-switch-short-5,
,ProWorld MX clone,First MX switches to use a leaf spring clicking mechanism (found in vintage Alps/SMK/Omron).,leaf spring clicker,https://deskthority.net/wiki/ProWorld_Cherry_MX_clone,
,Clickez,Modern ProWorld equivalent based on Cap stems.,leaf spring clicker,https://zealpc.net/products/clickiez?variant=39379354026048,
,Gateron Melodic,Similar to Clickez but with a leaf spring at a nearly 90-degree angle; similar to KS-33.,leaf spring clicker,https://www.gateron.com/products/gateron-melodic-switch-set?VariantsId=10765,
,Novelkeys Cream Clickie,Linear clicky switch with a membrane-like mechanism similar to Futaba MA.,membrane-like clicker,https://www.theremingoat.com/blog/novelkeys-cream-clickie-switch-review,
,Tecsee Honey Peach,Features a steel stem.,metal stem,https://www.youtube.com/watch?v=k0oaUgNbML8,
,Outemu Snap,The first midprofile switches in the MX ecosystem.,midprofile,https://shopkey.doyustudio.com/products/outemu-cherry-mx-type-switches-10-pcs-per-lot,
,TECSEE Medium,Midprofile switches with 2.2mm total travel.,midprofile,https://chosfox.com/products/tecsee-medium-switch,
,GTMX Mid Profile (Gazzew Outemu),Midprofile tactile and clicky switches with a consistent construction using an additional spring.,midprofile,https://www.reddit.com/r/MechanicalKeyboards/comments/p6amut/gtmx_low_profile_initial_impressions_on_a_new/,
,HORI EDGE 201,Midprofile mechanical switch design.,midprofile,https://imgur.com/gallery/aQah9fA,
,Gateron Cap,Redesigned stem for stability; the central bottom pin is not used and can be shortened to reduce keyboard height.,modified stem/housing,https://www.gateron.co/products/gateron-cap-switch-set,
,Cherry MX Olympia Linear Clear,"Modified housing shape causing the plate to mount higher.",modified stem/housing,https://deskthority.net/wiki/Cherry_MX_Olympia_Linear_Clear,
,Diamond Avalon,Significantly modified stem and housing shapes.,modified stem/housing,https://www.theremingoat.com/blog/diamond-avalon-switch-review,
,Novelkeys Cream/Cream+,Modular stem design allowing for interchangeable tips.,modular stem,https://www.theremingoat.com/blog/novelkeys-creamplus-switch-review,
,LICHICX Lucy/jingWan/RED/Old DG,Silent switches featuring a three-component stem.,multi-component stem,https://www.theremingoat.com/blog/lichicx-lucy-switch-review,
,TTC Tiger,Features a multi-component stem and housing.,multi-component stem,https://www.theremingoat.com/blog/ttc-tiger-switch-review,
,Wingtree Pink Pink,Three-component stem design reviving the LICHICX dampening mechanism; silent linear with a split stem construction.,multi-component stem,https://www.theremingoat.com/blog/wingtree-pink-pink-switch-review,
,Boba U4Tx,Silent long-pole tactile switches.,partial silencing,https://www.reddit.com/r/MechanicalKeyboards/comments/yt885d/boba_u4tx_review/,
,Haimu Heartbeat/Whisper,Silent switches with plastic springs on the stem.,plastic stem springs,https://ktechs.store/products/haimu-whisper-silent-tactile-mechanical-switches,
,LCET Dreamsea,Silent switches similar to Haimu design.,plastic stem springs,https://aliexpress.ru/item/1005006310536536.html,
,Emotoys Little Daisy Switch Linear,"Linear switches similar to Haimu design.",plastic stem springs,https://kprepublic.com/products/emotoys-little-daisy-switch-linear-65g-mx-stem-switch-for-mechanical-keyboard-50m-factory-lubed-pc-nylon-gold-plated-spring,
,Kailh BOX,First MX switches with a shroud around the stem for dust protection (similar to Futaba MA/SMK).,shrouded/box stem,https://deskthority.net/wiki/Kailh_BOX,
,GATERON 0° Silent Switch,Features an unusual dampener system.,stem dampeners,https://t.me/splitkbd/480,
,Kailh Box Hush,Unique silent system with multiple dampeners; one completely covers the bottom.,stem dampeners,https://www.kailhswitch.com/mechanical-keyboard-switches/box-hush-switch-silent-v3.html,
,Gateron North Pole 2.0,Features a soft insert at the base of the stem for a dampening effect.,stem dampeners,https://www.gateron.co/products/gateron-north-pole-switch-set,
,TTC Brother,Dampening inserts in the stem; Brother is the only mass-produced MX silent clicky switch with a click jacket.,stem dampeners,https://www.thockking.com/products/ttc-brother-clicky-switches,
,TTC Frozen Silent,Silent linear/tactile switch using stem dampening inserts.,stem dampeners,https://www.thockking.com/products/ttc-brother-clicky-switches,
,TTC Bluish White,Silent tactile switch using stem dampening inserts.,stem dampeners,https://www.thockking.com/products/ttc-brother-clicky-switches,
,Hirose Cherry MX Pale Yellow,"Three-component stem design reviving the LICHICX dampening mechanism; silent linear with a split stem construction.",vintage contractor variant,https://deskthority.net/wiki/Hirose_Cherry_MX_Pale_Yellow,